Adult diabetes,Employment-based health insurance,Annual dental cleaning rate,Primary care provider rate,Routine checkup rate,Health care satisfaction rate,Eviction rate,Adult loneliness rate,Moderate or serious psychological distress rate,unmet mh trt mod to ser,unmet mh trt mod to ser,Hypertension rate,"Median household income, 2020-2024",Hardship Index,"Demographics, White",Ambulatory difficulty,population,diabetes ratio
5200.0,52.99399925826402,44.035398083,73.686966865,61.814514182,45.242719436,0.5869161573073937,44.047494927,59.213328318,59.786253011,45.54888857,29.22630899,63293.40698066556,52.924703695294006,44.90256848483232,9.172455435,54023.51405,0.09625438277094084
4600.0,70.98733677141776,71.976719837,88.486243956,87.643602191,52.042865074,0.4001325322955745,21.562906446,32.129379588,61.737621904,33.59452199,37.225356184,114149.65984845998,30.50422292942487,71.70275824355703,6.513854445,42638.43086,0.1078838950500722
3600.0,67.19229940966909,78.957565367,77.95192877,71.996947265,54.220839187,0.5610073506358747,27.000548355,35.173310279,55.338160313,47.30423416,27.840770422,97374.54676004623,30.91804574579658,55.98983052265246,2.676950433,26634.54233,0.13516282560429488
1300.0,67.11980891697104,81.438358406,91.842750587,81.740413493,73.491536975,0.8898550211788571,8.7430955823,28.303037367,66.271608748,,42.536637517,139311.02517710617,15.92976996167712,70.6717970991724,9.287716717,19886.37507,0.06537139098624072
2300.0,49.16409416508024,57.405095828,90.966624875,70.498270367,57.586817816,0.31131833767515515,30.247027564,43.538041855,81.271934216,64.69022217,45.934451848,68716.37674567565,63.755760336475554,44.949540627489824,4.714016736,18307.61022,0.12563081540196785
8000.0,47.66331669179908,56.327686053,85.529244324,83.437610368,51.292928576,0.5112470291432398,35.628542427,56.541604805,74.192390033,65.49544956,24.838327881,87083.51175687861,57.55080244474001,34.35976830194555,6.840055861,45707.82126,0.17502475023899225
6700.0,54.17690287186903,67.432480338,84.782465072,72.444896428,61.31943876,0.6273990663594018,25.152022299,45.329299581,74.406871409,71.64759806,37.389612954,92328.88122555522,46.918428280638786,46.43751774305677,10.39653887,63049.27293,0.10626609457397909
2900.0,63.78825695272766,60.923635227,70.159617495,68.000679361,45.697100091,0.6080409471635476,30.815175959,57.972332656,66.612207972,62.56456469,32.58162971,93122.02124928293,41.09838533241461,45.8835648244872,4.465656415,53301.72043,0.054407249458458054
8000.0,59.759854338696485,77.007201275,88.397949127,85.156456214,49.24927709,0.5047144973236669,20.905151801,45.796125765,78.445974918,54.07437885,40.385533743,88162.72773993322,47.142306756433015,51.58326008808807,9.558578278,41208.04599,0.19413684409936274
1600.0,55.38408490170426,54.982888188,89.436237274,73.91400875,57.109933923,1.022917840132386,27.0978114,38.676200635,75.431325432,67.50806172,39.257072825,73308.6421283585,71.00501997849919,28.995983432601133,11.82332671,14290.31083,0.11196397468423715
7800.0,40.64509914520598,51.987851036,76.85966669,68.974566349,51.451350796,0.5652790974194795,34.783402333,50.273268473,83.601383159,75.45333014,29.24014098,69937.27463039989,82.17155704088482,12.994743215862153,18.72808284,72131.65463,0.1081356034325037
5800.0,43.3479443304057,57.314498665,84.438171962,76.28250627,52.57635158,0.6912194538682278,38.417917309,45.588217603,65.747149948,46.24019033,32.895389396,71334.90396562577,76.07165815255526,39.876282608973604,9.082755943,78390.30822,0.07398873829813855
4800.0,42.525051557559124,56.938244527,63.998937672,72.955841096,36.767673154,0.5064709238091933,38.371545214,59.880648783,83.705943277,67.02740332,30.824558447,70459.88115335886,77.96793524573552,9.575500936480141,11.15734924,22644.71784,0.2119699628811979
1000.0,59.112983715366816,65.215341642,76.79007623,75.673676997,45.79014973,0.40417354147591145,38.927660846,62.388893785,78.08739498,66.3694725,24.270268037,91966.21809322323,41.348850715341776,38.03010902144037,3.0666349,35520.90178,0.028152438420441475
2900.0,68.6961061493943,68.783029341,76.037454609,65.9295662,48.542486759,0.22714497695648042,36.691001072,50.517383416,66.873937393,48.29505902,26.416264855,111832.89554093764,18.48488741807935,52.65145953693538,3.140103412,71426.58839,0.04060112719041767
7100.0,38.297672122869685,58.910937596,80.762224523,82.672355089,57.043917319,0.9408706110988063,39.048213571,50.922066291,84.673327717,75.8758823,35.307010609,58409.067092820536,82.76737663005562,12.249828708563777,8.413746171,55766.95533,0.12731553942627624
2500.0,75.08844034426173,74.683442203,75.450865549,71.557323464,43.375848507,0.2711564810763757,27.659037713,48.094020221,64.00684598,52.26585524,23.518420758,141145.37633519724,7.822825690390688,61.416807940150285,5.312146163,88181.67603,0.028350561165898947
15900.0,35.57427385858387,49.518625908,79.886673197,77.917394964,58.708035411,1.911662374005011,29.702619318,45.509849566,83.811460279,83.48748372,36.920544118,51826.85140200681,85.46915078802289,5.533700714364089,18.25870328,97671.1108,0.16279122731140272
4300.0,30.568471501794285,65.925477806,74.337808672,77.877196934,64.357635581,2.0855311542568384,32.647303411,55.129738019,75.040981647,72.17369753,38.521496596,43272.653887734705,91.05035177099343,1.3008708350257514,18.992559,15086.16255,0.2850294092847356
4100.0,33.043182004160556,61.489372112,78.921052197,67.509995399,47.692713931,1.3735074563304297,22.645822596,37.532659771,80.122888026,61.48692794,28.288812907,39861.333804728056,92.15091871348717,7.75690375063104,21.4323478,20739.82582,0.1976872918598118
2800.0,70.41383217425621,67.887545801,78.70489049,76.18556014,51.945995424,0.440881507008283,30.215843828,46.142755628,78.730016161,72.22960937,25.934483947,116881.23240702033,28.69022177702372,41.64264003879064,6.991910061,68097.6475,0.041117426266450686
5500.0,31.60572777227328,54.003841648,89.788126357,88.809461049,62.702366849,2.1897913624721697,28.259126092,40.191500548,83.453246717,98.47973524,39.503613189,47668.100820325926,87.84718517115365,3.9512614252968117,24.78510311,33979.92102,0.16186029381183065
4300.0,57.44104021827278,70.786913972,80.389393265,81.522328402,45.565018119,0.5097939379967249,46.5309199,61.441632395,60.111310413,60.39558333,39.197358613,73109.52685334624,35.40665771312865,51.59389339035574,12.71831426,54490.99263,0.07891212460006897
8500.0,40.26837872927695,59.737207706,71.832604219,70.629001393,48.583728894,0.5256745762343393,30.698417226,47.121833998,90.558343239,90.21595392,19.815571359,58666.08009178724,87.14971845215106,5.857043342927916,13.24481863,69830.03688,0.12172412302469345
2500.0,55.55596205074915,63.395954933,74.496752225,75.143678464,49.698895931,0.3207035247980545,30.757605395,56.69647463,74.760798287,29.81645327,28.233865636,76947.75654793243,66.07942865107157,21.653637517089425,10.23074601,33412.04159,0.07482332359924493
900.0,77.14215888075036,71.465563177,81.94656263,78.408808227,59.450981499,1.0125164945780984,28.839977218,44.317301269,73.313155516,51.20294942,29.276776933,122423.50649646156,4.347421491892502,42.51328841287,4.664630733,28903.9369,0.031137626791594607
1900.0,37.75646380437243,57.739329963,86.815496197,74.140283566,38.699175386,0.20639352481473852,37.635931448,55.030731708,85.627572869,68.26012328,32.559281027,45651.44933519941,87.71355007278783,13.57796305514789,15.31692461,13821.73562,0.1374646464262207
2300.0,45.14597884990372,46.354508209,83.90114361,83.62289102,69.728533706,1.5877236394118708,36.450566767,40.207999443,80.530323709,60.31212281,29.730404591,60402.6353356295,74.92314380013363,10.275290669676531,5.923928919,21090.85064,0.10905202636246064
600.0,45.54862576752261,57.089851099,82.716081794,83.276375838,60.157828602,1.969359955027393,23.454523089,43.196198634,75.705629214,,44.753557892,32240.587511620397,78.94747122365531,5.325818842990314,21.82357752,6940.063702,0.08645453784913976
700.0,35.73888845496997,33.188833503,77.109899682,76.007274292,52.499404931,0.575473618592184,42.935011764,45.140951325,82.281693118,95.66605134,41.938295395,22023.81053747795,96.8884611449431,3.3653592131831442,33.86644138,2340.517806,0.29907911753780525
2400.0,49.991406382154224,61.377429178,84.95470014,85.506958689,56.977203186,1.312664765073987,35.611817313,36.321482945,74.748821358,75.77959637,49.777871021,58522.89942984056,77.7903869241361,5.5919246491059615,13.6190175,25177.24906,0.09532415532294854
1100.0,59.62348798887663,63.908300734,81.685038162,80.892540311,43.340298817,1.4460446313922468,26.048061127,49.197061844,68.230777303,64.36468078,39.198142373,73799.33922476385,52.508517738230786,20.51567216630005,11.63944656,18427.5253,0.05969331107091194
2300.0,66.47071701281465,57.360159501,76.713559572,66.152012137,55.35207473,0.17467920556523725,26.596807522,37.520471239,67.345849406,,23.402393524,91363.09353886107,23.192702125306457,62.078651441070555,6.216416997,41565.11288,0.055334867167092364
1000.0,31.479387125301475,67.420614691,68.047114431,80.689774163,50.493238409,2.293944447722499,37.799527977,51.647062216,89.828758396,96.69321791,31.468838969,37542.62252253063,89.9155296144411,1.9734400742447922,16.91089621,12314.66841,0.08120397291314481
2600.0,44.62309577926482,61.927468718,84.427422847,77.886205201,55.338735995,1.9891918901811643,34.190136551,47.039695092,78.475379514,75.21276421,31.220956897,42469.38244910356,78.20454863918856,10.618616960328742,9.964781645,24802.5642,0.10482787098279137
5200.0,39.50968056412676,59.364987133,78.473624015,80.816542045,51.330968059,2.771317678771667,37.405474002,50.492553906,86.322497719,60.93041747,40.619611612,45587.395930458966,82.90628362558722,3.3237550805310936,15.11501314,51377.59421,0.10121143428292104
3200.0,42.81930241400822,59.486618342,87.596656071,82.714173778,57.99631267,2.682393817235711,25.436724422,42.678539691,82.638076118,59.20337769,45.417409876,48332.46061953288,77.61276311075105,1.163842639258849,12.10256903,30021.41506,0.10659057854550046
900.0,57.23497256566442,47.949894754,84.38968044,83.663773686,49.944711064,1.4434835816153522,27.415058664,38.107870577,88.679161789,71.76617289,39.546465223,60547.83129661174,65.86539945795128,0.012814310250511537,14.09912335,8939.367648,0.10067826220363099
5100.0,33.987479444149656,49.096730308,69.502285947,85.112724064,54.596951749,2.502221007092567,33.912501796,49.181306683,93.722268404,81.58407358,33.728516132,45124.71781639679,86.25358838963794,4.930347620910509,10.12168483,27507.14761,0.18540635591550528
1400.0,30.911566022910094,53.127031024,87.417631087,82.059468003,53.789238488,0.881236741048134,45.63224648,34.655351323,72.117170588,,39.10897549,47058.44498363915,92.69707314499728,0.0019494716653449859,33.39617544,2292.961299,0.6105641646069492
2400.0,50.60153203599765,61.763005135,84.56319621,86.405512361,52.585787367,0.8352620726449711,28.464840616,42.616857885,87.192994216,,51.420035682,65397.43058496081,66.50598948630285,0.2403624808100669,20.17257868,11227.30847,0.21376450165352942
6100.0,38.46450501266779,58.242626078,89.041994278,79.809337217,49.640325403,1.8291075408486583,37.073677714,44.216712455,74.081934294,54.17980336,45.60474716,54361.768530578505,81.71987231186894,2.0331643723802033,18.57405142,36745.38199,0.166007255052079
600.0,51.431113003449966,55.658236781,85.504812035,67.187838995,65.590869719,0.7486855896027639,20.552816465,30.517146868,81.543099182,93.13781606,38.908351108,62495.27857437895,74.5825483924615,11.492436488959632,14.69499216,6783.76006,0.08844652444856665
2800.0,32.29818180916809,51.248906828,78.428786368,89.991966327,56.533988498,1.0627672490983255,33.278235726,47.28897288,91.925789055,87.0720243,50.004429764,47962.69064449837,86.71758227037435,5.760420807964865,12.38317617,12875.86081,0.21746118891137656
2900.0,44.40619971983789,44.586741229,78.867296755,83.330362223,43.0110123,0.4070825804434335,30.62926367,43.047651302,67.997506009,52.30722094,31.441791001,63386.104442290256,83.90627290777324,13.59549562996319,12.84814499,22700.6946,0.1277493949458269
3700.0,35.28245044135569,59.251861332,87.904899537,87.455974359,59.171255755,2.241158881668016,22.888892291,37.53541359,81.432223884,64.59477023,42.779286499,54295.78081994608,82.77724018348054,0.8322440853065499,19.31445953,24421.34461,0.15150680927228438
1200.0,12.0327084934991,60.49199617,81.167477065,90.942005138,49.260280312,3.50844909006515,40.600266063,43.580403934,85.07697605,45.23226201,27.816018835,16946.246214701485,99.34823816379951,0.5354308875652832,11.65233569,7483.432139,0.16035423021292397
1400.0,56.62226886725986,51.585314114,86.515897318,75.48496053,53.082914323,2.7630276107659086,30.526193018,52.686347417,88.818517786,89.12066054,42.155083447,61745.599215031776,68.39292712804114,35.767045360562356,9.174890354,8767.938562,0.15967265168434927
5400.0,60.69376503327735,68.190741037,86.206344179,82.876786733,55.684420298,0.4094663707704079,28.92707248,39.334997885,78.532118041,37.79117769,33.056576935,93530.6963911605,51.65655041893365,32.54426985317507,15.36687739,36657.21625,0.14731069493036042
1400.0,40.060291564711,63.862224126,86.544345806,70.181348804,54.104880938,0.4772074538889923,29.518570537,47.498866638,86.827917196,70.07533697,16.459520909,67121.40569175016,87.43699612968422,12.744558598226707,12.27716211,13492.19323,0.10376370810396406
6700.0,37.30974210218959,58.706893472,81.32610133,71.223288846,48.427364082,0.6366716616328932,33.572824835,54.56850303,76.631758159,67.03873257,31.235730119,64056.544290970305,84.52959529684746,6.718798640857131,16.11931596,43145.7122,0.15528773679624183
1500.0,51.173282449313184,70.366324561,75.634141391,82.1047563,59.041559583,0.43307254795397615,26.337184278,38.92715793,80.491043869,76.69086321,33.830006527,85030.15892961032,68.18511447406017,13.816545111939224,9.653750111,14856.23139,0.10096773270573028
6000.0,78.50376263873974,72.644598543,78.219370333,70.321148171,48.423944048,0.20530537439532812,29.314567158,54.464019264,64.738003442,49.42397689,19.942353749,121377.33495574856,4.649422723219442,73.09965218472234,3.514247969,102824.8287,0.05835166540860962
2300.0,54.26076690881987,63.58162827,78.823226014,69.929901981,39.487984475,0.24591372000837403,35.861190882,57.131432414,81.52492993,74.0718251,33.129765125,77773.97644318096,58.874462108684924,31.850353210810447,9.821581872,33542.92299,0.06856886028345498
4700.0,33.60978851437507,45.171489726,76.021672429,69.304365389,48.571513215,1.0738841114170117,31.754390162,48.899491737,75.145152601,56.74911357,24.538158966,57802.12297779982,86.88171534851527,8.217070995755853,10.47081147,39952.20609,0.11764056256148532
1900.0,56.23306144026651,60.957603157,74.369724809,79.939573227,50.630532237,0.25859150824298843,26.958243669,49.401028644,78.761953217,69.60169984,33.48025222,77751.55750530158,77.06944013418908,13.59523359493732,8.580859578,17758.84349,0.10698894897462718
8800.0,39.00794382785865,59.045920421,82.145838629,74.431578526,47.423898569,0.6979369248396536,34.873410639,52.370858413,89.722387032,83.6531168,35.165014801,62322.79043974873,89.96970597028124,3.6852366974057476,9.297420918,36010.47481,0.24437333988043575
3100.0,62.38402428700273,54.573587358,87.292241419,73.728822389,57.236048855,0.8298161521924656,29.236396243,42.047029472,74.511851647,71.06701588,37.865450729,80699.66444176168,56.874334322023174,30.15728341532397,12.76708498,23667.36789,0.13098203460596142
5800.0,43.64774683346578,62.661142055,84.941025823,84.027992762,57.565411987,0.6714146269470899,21.628986224,46.225306607,86.511367294,82.89118234,33.917857398,69578.52804161936,83.82045609652131,8.908328462683595,10.70539298,31827.03352,0.18223501717039697
6600.0,33.73613203098829,51.360015411,79.086509715,78.326391966,59.368649174,1.3796914520579948,35.388363084,53.417753642,72.915496266,78.30967694,37.379556665,54010.640858633924,87.55035998920116,3.1650753973350843,17.16198167,54300.34536,0.12154618826534845
5300.0,25.782173608221814,54.097582414,71.676108601,79.366748105,52.235640296,1.7374804562347839,37.492525458,45.886300993,87.510892661,83.56415782,38.666743404,41909.08573887645,91.89449168882683,0.6959498987361823,19.51564879,28311.7057,0.18720171988789783
3600.0,28.221948861969455,54.810820532,72.523407465,79.022091038,51.440460597,2.3068412994535654,38.253985506,55.073439803,94.011954412,82.78428365,37.103099434,32084.861861296926,93.08914302542058,1.005839722465768,20.93853097,23160.93952,0.15543410909092517
3600.0,32.81128719711328,49.172889807,82.382397702,83.388533576,67.036521539,2.267360592353568,25.301250735,32.790481246,82.432693678,62.35152743,37.501428271,42358.17755582547,87.60751709176671,1.702740718532116,14.96696922,29219.18401,0.12320672605942495
1800.0,81.04643841928171,84.373067104,86.915913367,85.150441474,59.044970715,0.2795519670180339,28.524189382,43.425081393,59.713905179,80.27847887,20.215178765,156895.9240216817,2.4769638144132857,76.78768215952336,6.363465212,67920.59158,0.02650153595732271
4800.0,51.67098469283414,61.274278331,80.918481708,67.260692824,52.772655026,1.2687439629687434,23.791825394,36.811321118,93.423644395,86.9645269,39.442682204,83932.28062293658,72.40126365087322,8.249467840909087,5.245639484,42179.8618,0.11379838138777401
7200.0,38.160854792101574,55.764449779,87.132915749,92.36447222,55.735837845,2.48871285063472,29.554873007,45.752432488,89.054151098,79.60243693,45.853974578,48296.85167320638,88.92902119240028,0.5248697236131189,20.13230388,43860.69939,0.16415606910366687
1000.0,72.53312413526602,75.023614122,94.152971573,87.148432538,52.127141979,0.49518279642214796,18.55844934,34.203645811,57.652527228,,36.933018042,130925.63311270237,32.22261182162868,57.04546529593645,5.507431997,19553.60888,0.05114145455894994
3000.0,48.583747556846134,60.24167329,80.531381602,80.883611103,63.553600146,1.3743465371552055,33.557345042,43.623010172,76.839135187,,42.790210572,64755.74300878484,70.85325518988292,1.4642415460705465,23.84364813,24755.829,0.12118358064276498
1500.0,78.1030525960029,71.634976578,91.344598167,89.055223006,51.012827898,1.0846745711368444,16.888834137,47.220415866,72.487663429,49.2663455,49.918267754,112562.28427843579,26.431421481824234,82.07389391092664,17.38119779,19064.08435,0.07868198505951322
2400.0,57.24575334472087,54.453341017,83.721877206,72.610679708,50.542418487,1.1813635370891145,41.907670292,51.338884114,89.533476683,90.34376006,45.979713093,72941.34692784907,60.570537494957776,28.305439984148617,5.696706877,21410.01294,0.11209708311367325
400.0,51.22194402613991,77.283435655,83.588055924,78.176129295,58.010372619,0.4554799226801089,23.520620493,30.82827026,64.827298039,,21.933873358,81993.49818106442,38.69296294310124,61.231170868244845,5.24850058,15286.6051,0.02616669936740892
7300.0,60.35548221864707,62.140380571,85.021063927,73.42920743,47.73756766,0.4536827159049565,40.796290295,58.532311782,63.296500153,38.90889746,29.80974067,75774.40968629313,40.406504991495645,51.63149909473251,9.05314899,56573.00067,0.12903681815610507
3400.0,73.94622623712611,77.770936661,74.428788761,74.17315119,55.485580451,0.41219360477016664,31.159412802,47.938375174,66.935375723,66.53246756,22.684348187,125101.3268858388,3.402424707356466,66.26721526523627,5.07224857,99292.48607,0.03424226882186272
900.0,79.38673690027665,82.972846243,88.569960366,81.552050036,57.798931668,0.10002315755572128,25.615267392,48.692449609,66.482755537,,37.894593075,130127.73198417123,12.132440388663511,79.44130448610738,15.77127111,11554.19191,0.07789380746056866
