Adult diabetes,Employment-based health insurance,Annual dental cleaning rate,Primary care provider rate,Routine checkup rate,Health care satisfaction rate,Eviction rate,Adult loneliness rate,Moderate or serious psychological distress rate,unmet mh trt mod to ser,unmet mh trt mod to ser.1,Hypertension rate,"Median household income, 2020-2024",Hardship Index,"Demographics, White",Ambulatory difficulty,population,diabetes ratio
2900.0,44.40619971983789,44.586741229,78.867296755,83.330362223,43.0110123,0.4070825804434335,30.62926367,43.047651302,67.997506009,52.30722094,31.441791001,63386.104442290256,83.90627290777324,13.59549562996319,12.84814499,22700.6946,0.1277493949458269
3600.0,28.22194886196945,54.810820532,72.523407465,79.022091038,51.440460597,2.3068412994535654,38.253985506,55.073439803,94.011954412,82.78428365,37.103099434,32084.86186129693,93.08914302542058,1.005839722465768,20.93853097,23160.93952,0.1554341090909251
2900.0,63.78825695272766,60.923635227,70.159617495,68.000679361,45.697100091,0.6080409471635476,30.815175959,57.972332656,66.612207972,62.56456469,32.58162971,93122.02124928292,41.09838533241461,45.8835648244872,4.465656415,53301.72043,0.054407249458458
8800.0,39.00794382785865,59.045920421,82.145838629,74.431578526,47.423898569,0.6979369248396536,34.873410639,52.370858413,89.722387032,83.6531168,35.165014801,62322.79043974873,89.96970597028124,3.685236697405748,9.297420918,36010.47481,0.2443733398804357
600.0,51.431113003449966,55.658236781,85.504812035,67.187838995,65.590869719,0.7486855896027639,20.552816465,30.517146868,81.543099182,93.13781606,38.908351108,62495.27857437895,74.5825483924615,11.492436488959632,14.69499216,6783.76006,0.0884465244485666
2400.0,49.991406382154224,61.377429178,84.95470014,85.506958689,56.977203186,1.312664765073987,35.611817313,36.321482945,74.748821358,75.77959637,49.777871021,58522.89942984056,77.7903869241361,5.5919246491059615,13.6190175,25177.24906,0.0953241553229485
1400.0,56.62226886725986,51.585314114,86.515897318,75.48496053,53.082914323,2.7630276107659086,30.526193018,52.686347417,88.818517786,89.12066054,42.155083447,61745.599215031776,68.39292712804114,35.76704536056236,9.174890354,8767.938562,0.1596726516843492
1400.0,40.060291564711,63.862224126,86.544345806,70.181348804,54.104880938,0.4772074538889923,29.518570537,47.498866638,86.827917196,70.07533697,16.459520909,67121.40569175016,87.43699612968422,12.744558598226709,12.27716211,13492.19323,0.103763708103964
4100.0,33.04318200416056,61.489372112,78.921052197,67.509995399,47.692713931,1.3735074563304297,22.645822596,37.532659771,80.122888026,61.48692794,28.288812907,39861.333804728056,92.15091871348716,7.75690375063104,21.4323478,20739.82582,0.1976872918598118
6600.0,33.73613203098829,51.360015411,79.086509715,78.326391966,59.368649174,1.3796914520579948,35.388363084,53.417753642,72.915496266,78.30967694,37.379556665,54010.64085863392,87.55035998920116,3.1650753973350843,17.16198167,54300.34536,0.1215461882653484
900.0,77.14215888075036,71.465563177,81.94656263,78.408808227,59.450981499,1.0125164945780984,28.839977218,44.317301269,73.313155516,51.20294942,29.276776933,122423.50649646156,4.347421491892502,42.51328841287,4.664630733,28903.9369,0.0311376267915946
2400.0,50.60153203599765,61.763005135,84.56319621,86.405512361,52.585787367,0.8352620726449711,28.464840616,42.616857885,87.192994216,,51.420035682,65397.43058496081,66.50598948630285,0.2403624808100669,20.17257868,11227.30847,0.2137645016535294
1000.0,59.112983715366816,65.215341642,76.79007623,75.673676997,45.79014973,0.4041735414759114,38.927660846,62.388893785,78.08739498,66.3694725,24.270268037,91966.21809322324,41.348850715341776,38.03010902144037,3.0666349,35520.90178,0.0281524384204414
2300.0,54.26076690881987,63.58162827,78.823226014,69.929901981,39.487984475,0.245913720008374,35.861190882,57.131432414,81.52492993,74.0718251,33.129765125,77773.97644318096,58.87446210868493,31.850353210810447,9.821581872,33542.92299,0.0685688602834549
1300.0,67.11980891697104,81.438358406,91.842750587,81.740413493,73.491536975,0.8898550211788571,8.7430955823,28.303037367,66.271608748,,42.536637517,139311.02517710617,15.92976996167712,70.6717970991724,9.287716717,19886.37507,0.0653713909862407
15900.0,35.57427385858387,49.518625908,79.886673197,77.917394964,58.708035411,1.911662374005011,29.702619318,45.509849566,83.811460279,83.48748372,36.920544118,51826.85140200681,85.46915078802289,5.533700714364089,18.25870328,97671.1108,0.1627912273114027
5100.0,33.987479444149656,49.096730308,69.502285947,85.112724064,54.596951749,2.502221007092567,33.912501796,49.181306683,93.722268404,81.58407358,33.728516132,45124.71781639679,86.25358838963794,4.930347620910509,10.12168483,27507.14761,0.1854063559155052
8000.0,59.759854338696485,77.007201275,88.397949127,85.156456214,49.24927709,0.5047144973236669,20.905151801,45.796125765,78.445974918,54.07437885,40.385533743,88162.72773993322,47.142306756433015,51.58326008808807,9.558578278,41208.04599,0.1941368440993627
5800.0,43.64774683346578,62.661142055,84.941025823,84.027992762,57.565411987,0.6714146269470899,21.628986224,46.225306607,86.511367294,82.89118234,33.917857398,69578.52804161936,83.82045609652131,8.908328462683595,10.70539298,31827.03352,0.1822350171703969
6700.0,54.17690287186903,67.432480338,84.782465072,72.444896428,61.31943876,0.6273990663594018,25.152022299,45.329299581,74.406871409,71.64759806,37.389612954,92328.88122555522,46.91842828063879,46.43751774305677,10.39653887,63049.27293,0.106266094573979
3200.0,42.81930241400822,59.486618342,87.596656071,82.714173778,57.99631267,2.682393817235711,25.436724422,42.678539691,82.638076118,59.20337769,45.417409876,48332.46061953288,77.61276311075105,1.163842639258849,12.10256903,30021.41506,0.1065905785455004
3000.0,48.58374755684613,60.24167329,80.531381602,80.883611103,63.553600146,1.3743465371552055,33.557345042,43.623010172,76.839135187,,42.790210572,64755.74300878484,70.85325518988292,1.4642415460705465,23.84364813,24755.829,0.1211835806427649
4700.0,33.60978851437507,45.171489726,76.021672429,69.304365389,48.571513215,1.0738841114170117,31.754390162,48.899491737,75.145152601,56.74911357,24.538158966,57802.12297779982,86.88171534851527,8.217070995755853,10.47081147,39952.20609,0.1176405625614853
1200.0,12.0327084934991,60.49199617,81.167477065,90.942005138,49.260280312,3.50844909006515,40.600266063,43.580403934,85.07697605,45.23226201,27.816018835,16946.246214701485,99.34823816379952,0.5354308875652832,11.65233569,7483.432139,0.1603542302129239
3400.0,73.94622623712611,77.770936661,74.428788761,74.17315119,55.485580451,0.4121936047701666,31.159412802,47.938375174,66.935375723,66.53246756,22.684348187,125101.3268858388,3.402424707356466,66.26721526523627,5.07224857,99292.48607,0.0342422688218627
7100.0,38.297672122869685,58.910937596,80.762224523,82.672355089,57.043917319,0.9408706110988064,39.048213571,50.922066291,84.673327717,75.8758823,35.307010609,58409.067092820536,82.76737663005562,12.249828708563776,8.413746171,55766.95533,0.1273155394262762
2300.0,45.14597884990372,46.354508209,83.90114361,83.62289102,69.728533706,1.5877236394118708,36.450566767,40.207999443,80.530323709,60.31212281,29.730404591,60402.6353356295,74.92314380013363,10.275290669676531,5.923928919,21090.85064,0.1090520263624606
6100.0,38.46450501266779,58.242626078,89.041994278,79.809337217,49.640325403,1.8291075408486583,37.073677714,44.216712455,74.081934294,54.17980336,45.60474716,54361.768530578505,81.71987231186894,2.0331643723802038,18.57405142,36745.38199,0.166007255052079
1900.0,37.75646380437243,57.739329963,86.815496197,74.140283566,38.699175386,0.2063935248147385,37.635931448,55.030731708,85.627572869,68.26012328,32.559281027,45651.44933519941,87.71355007278783,13.57796305514789,15.31692461,13821.73562,0.1374646464262207
5400.0,60.69376503327735,68.190741037,86.206344179,82.876786733,55.684420298,0.4094663707704079,28.92707248,39.334997885,78.532118041,37.79117769,33.056576935,93530.6963911605,51.65655041893365,32.54426985317507,15.36687739,36657.21625,0.1473106949303604
2500.0,55.55596205074915,63.395954933,74.496752225,75.143678464,49.698895931,0.3207035247980545,30.757605395,56.69647463,74.760798287,29.81645327,28.233865636,76947.75654793243,66.07942865107157,21.653637517089425,10.23074601,33412.04159,0.0748233235992449
3600.0,32.81128719711328,49.172889807,82.382397702,83.388533576,67.036521539,2.267360592353568,25.301250735,32.790481246,82.432693678,62.35152743,37.501428271,42358.17755582547,87.60751709176671,1.702740718532116,14.96696922,29219.18401,0.1232067260594249
1000.0,72.53312413526602,75.023614122,94.152971573,87.148432538,52.127141979,0.4951827964221479,18.55844934,34.203645811,57.652527228,,36.933018042,130925.63311270236,32.22261182162868,57.04546529593645,5.507431997,19553.60888,0.0511414545589499
5800.0,43.3479443304057,57.314498665,84.438171962,76.28250627,52.57635158,0.6912194538682278,38.417917309,45.588217603,65.747149948,46.24019033,32.895389396,71334.90396562577,76.07165815255526,39.8762826089736,9.082755943,78390.30822,0.0739887382981385
2300.0,66.47071701281465,57.360159501,76.713559572,66.152012137,55.35207473,0.1746792055652372,26.596807522,37.520471239,67.345849406,,23.402393524,91363.09353886108,23.192702125306457,62.07865144107056,6.216416997,41565.11288,0.0553348671670923
2400.0,57.24575334472087,54.453341017,83.721877206,72.610679708,50.542418487,1.1813635370891145,41.907670292,51.338884114,89.533476683,90.34376006,45.979713093,72941.34692784907,60.570537494957776,28.305439984148617,5.696706877,21410.01294,0.1120970831136732
4800.0,51.67098469283414,61.274278331,80.918481708,67.260692824,52.772655026,1.2687439629687434,23.791825394,36.811321118,93.423644395,86.9645269,39.442682204,83932.28062293658,72.40126365087322,8.249467840909087,5.245639484,42179.8618,0.113798381387774
900.0,57.23497256566442,47.949894754,84.38968044,83.663773686,49.944711064,1.4434835816153522,27.415058664,38.107870577,88.679161789,71.76617289,39.546465223,60547.83129661174,65.86539945795128,0.0128143102505115,14.09912335,8939.367648,0.1006782622036309
700.0,35.73888845496997,33.188833503,77.109899682,76.007274292,52.499404931,0.575473618592184,42.935011764,45.140951325,82.281693118,95.66605134,41.938295395,22023.81053747795,96.8884611449431,3.365359213183144,33.86644138,2340.517806,0.2990791175378052
2800.0,32.29818180916809,51.248906828,78.428786368,89.991966327,56.533988498,1.0627672490983255,33.278235726,47.28897288,91.925789055,87.0720243,50.004429764,47962.69064449837,86.71758227037435,5.760420807964865,12.38317617,12875.86081,0.2174611889113765
1500.0,78.1030525960029,71.634976578,91.344598167,89.055223006,51.012827898,1.0846745711368444,16.888834137,47.220415866,72.487663429,49.2663455,49.918267754,112562.2842784358,26.431421481824238,82.07389391092664,17.38119779,19064.08435,0.0786819850595132
4600.0,70.98733677141776,71.976719837,88.486243956,87.643602191,52.042865074,0.4001325322955745,21.562906446,32.129379588,61.737621904,33.59452199,37.225356184,114149.65984845998,30.50422292942487,71.70275824355703,6.513854445,42638.43086,0.1078838950500722
6000.0,78.50376263873974,72.644598543,78.219370333,70.321148171,48.423944048,0.2053053743953281,29.314567158,54.464019264,64.738003442,49.42397689,19.942353749,121377.33495574856,4.649422723219442,73.09965218472234,3.514247969,102824.8287,0.0583516654086096
5500.0,31.60572777227328,54.003841648,89.788126357,88.809461049,62.702366849,2.1897913624721697,28.259126092,40.191500548,83.453246717,98.47973524,39.503613189,47668.100820325926,87.84718517115365,3.951261425296812,24.78510311,33979.92102,0.1618602938118306
3600.0,67.19229940966909,78.957565367,77.95192877,71.996947265,54.220839187,0.5610073506358747,27.000548355,35.173310279,55.338160313,47.30423416,27.840770422,97374.54676004624,30.91804574579658,55.98983052265246,2.676950433,26634.54233,0.1351628256042948
8500.0,40.26837872927695,59.737207706,71.832604219,70.629001393,48.583728894,0.5256745762343393,30.698417226,47.121833998,90.558343239,90.21595392,19.815571359,58666.08009178724,87.14971845215106,5.857043342927916,13.24481863,69830.03688,0.1217241230246934
2800.0,70.41383217425621,67.887545801,78.70489049,76.18556014,51.945995424,0.440881507008283,30.215843828,46.142755628,78.730016161,72.22960937,25.934483947,116881.23240702032,28.69022177702372,41.64264003879064,6.991910061,68097.6475,0.0411174262664506
5300.0,25.78217360822181,54.097582414,71.676108601,79.366748105,52.235640296,1.737480456234784,37.492525458,45.886300993,87.510892661,83.56415782,38.666743404,41909.08573887645,91.89449168882685,0.6959498987361823,19.51564879,28311.7057,0.1872017198878978
7300.0,60.35548221864707,62.140380571,85.021063927,73.42920743,47.73756766,0.4536827159049565,40.796290295,58.532311782,63.296500153,38.90889746,29.80974067,75774.40968629313,40.406504991495645,51.63149909473251,9.05314899,56573.00067,0.129036818156105
2900.0,68.6961061493943,68.783029341,76.037454609,65.9295662,48.542486759,0.2271449769564804,36.691001072,50.517383416,66.873937393,48.29505902,26.416264855,111832.89554093764,18.48488741807935,52.65145953693538,3.140103412,71426.58839,0.0406011271904176
1500.0,51.173282449313184,70.366324561,75.634141391,82.1047563,59.041559583,0.4330725479539761,26.337184278,38.92715793,80.491043869,76.69086321,33.830006527,85030.15892961032,68.18511447406017,13.816545111939224,9.653750111,14856.23139,0.1009677327057302
